match_id,home_team,home_team_id,away_team,away_team_id,home_team_wins,away_team_wins,winning_team_id,losing_team_id,game_1_id,game_1_map,game_1_gametype,game_1_lang,game_1_home_score,game_1_away_score,game_1_winning_team,game_1_losing_team,game_2_id,game_2_map,game_2_gametype,game_2_lang,game_2_home_score,game_2_away_score,game_2_winning_team,game_2_losing_team,game_3_id,game_3_map,game_3_gametype,game_3_lang,game_3_home_score,game_3_away_score,game_3_winning_team,game_3_losing_team,game_4_id,game_4_map,game_4_gametype,game_4_lang,game_4_home_score,game_4_away_score,game_4_winning_team,game_4_losing_team,game_5_id,game_5_map,game_5_gametype,game_5_lang,game_5_home_score,game_5_away_score,game_5_winning_team,game_5_losing_team
1979,Dallas Empire,6,Chicago Huntsmen,8,1,3,8,6,0,Azhir Cave,Hardpoint,en-us,209,250,8,6,1,Arklov Peak,Search and Destroy,en-us,6,1,6,8,2,Hackney Yard,Domination,en-us,157,202,8,6,3,Gun Runner,Hardpoint,en-us,173,250,8,6,4,Piccadilly,Search and Destroy,en-us,0,0,0,0
1962,Florida Mutineers,9,Seattle Surge,16,3,2,9,16,0,St. Petrograd,Hardpoint,en-us,198,250,16,9,1,Gun Runner,Search and Destroy,en-us,6,3,9,16,2,Gun Runner,Domination,en-us,184,188,16,9,3,Azhir Cave,Hardpoint,en-us,250,215,9,16,4,Rammaza,Search and Destroy,en-us,6,0,9,16
1982,Minnesota Røkkr,12,Los Angeles Guerrillas,11,3,1,12,11,0,St. Petrograd,Hardpoint,en-us,169,250,11,12,1,Piccadilly,Search and Destroy,en-us,1,0,12,11,2,Hackney Yard,Domination,en-us,192,174,12,11,3,Hackney Yard,Hardpoint,en-us,250,167,12,11,4,Arklov Peak,Search and Destroy,en-us,0,0,0,0
1936,London Royal Ravens,10,New York Subliners,13,3,0,10,13,0,Azhir Cave,Hardpoint,en-us,250,148,10,13,1,Piccadilly,Search and Destroy,en-us,6,2,10,13,2,Hackney Yard,Domination,en-us,216,128,10,13,3,St. Petrograd,Hardpoint,en-us,0,0,0,0,4,Arklov Peak,Search and Destroy,en-us,0,0,0,0
1969,Toronto Ultra,17,Seattle Surge,16,3,2,17,16,0,Gun Runner,Hardpoint,en-us,240,250,16,17,1,Gun Runner,Search and Destroy,en-us,6,2,17,16,2,Gun Runner,Domination,en-us,166,190,16,17,3,Azhir Cave,Hardpoint,en-us,250,211,17,16,4,Rammaza,Search and Destroy,en-us,6,5,17,16
1960,Florida Mutineers,9,Los Angeles Guerrillas,11,2,3,11,9,0,Azhir Cave,Hardpoint,en-us,250,176,9,11,1,Gun Runner,Search and Destroy,en-us,5,6,11,9,2,Hackney Yard,Domination,en-us,171,218,11,9,3,Gun Runner,Hardpoint,en-us,250,238,9,11,4,Arklov Peak,Search and Destroy,en-us,4,6,11,9
1932,OpTic Gaming Los Angeles,14,Paris Legion,15,2,3,15,14,0,Azhir Cave,Hardpoint,en-us,235,250,15,14,1,Arklov Peak,Search and Destroy,en-us,6,1,14,15,2,Gun Runner,Domination,en-us,166,184,15,14,3,St. Petrograd,Hardpoint,en-us,250,239,14,15,4,Rammaza,Search and Destroy,en-us,3,6,15,14
1970,Atlanta FaZe,7,Dallas Empire,6,3,0,7,6,0,Azhir Cave,Hardpoint,en-us,250,234,7,6,1,Arklov Peak,Search and Destroy,en-us,6,0,7,6,2,Gun Runner,Domination,en-us,188,118,7,6,3,Gun Runner,Hardpoint,en-us,0,0,0,0,4,Gun Runner,Search and Destroy,en-us,0,0,0,0
1942,London Royal Ravens,10,Paris Legion,15,0,3,15,10,0,Rammaza,Hardpoint,en-us,214,250,15,10,1,Arklov Peak,Search and Destroy,en-us,4,6,15,10,2,Gun Runner,Domination,en-us,169,191,15,10,3,Gun Runner,Hardpoint,en-us,0,0,0,0,4,Gun Runner,Search and Destroy,en-us,0,0,0,0
1934,OpTic Gaming Los Angeles,14,Chicago Huntsmen,8,0,3,8,14,0,Azhir Cave,Hardpoint,en-us,176,250,8,14,1,Piccadilly,Search and Destroy,en-us,2,6,8,14,2,Hackney Yard,Domination,en-us,186,193,8,14,3,St. Petrograd,Hardpoint,en-us,0,0,0,0,4,St. Petrograd,Search and Destroy,en-us,0,0,0,0
1948,New York Subliners,13,Atlanta FaZe,7,1,3,7,13,0,Gun Runner,Hardpoint,en-us,211,250,7,13,1,Piccadilly,Search and Destroy,en-us,0,6,7,13,2,Hackney Yard,Domination,en-us,201,136,13,7,3,St. Petrograd,Hardpoint,en-us,122,250,7,13,4,Arklov Peak,Search and Destroy,en-us,0,0,0,0
1965,Toronto Ultra,17,Minnesota Røkkr,12,1,3,12,17,0,Hackney Yard,Hardpoint,en-us,229,250,12,17,1,Rammaza,Search and Destroy,en-us,6,3,17,12,2,Hackney Yard,Domination,en-us,172,188,12,17,3,Azhir Cave,Hardpoint,en-us,125,250,12,17,4,Piccadilly,Search and Destroy,en-us,0,0,0,0
2804,Paris Legion,15,New York Subliners,13,1,3,13,15,0,Hackney Yard,Hardpoint,en-us,202,250,13,15,1,Rammaza,Search and Destroy,en-us,1,6,13,15,2,Gun Runner,Domination,en-us,183,165,15,13,3,St. Petrograd,Hardpoint,en-us,114,250,13,15,4,St. Petrograd,Search and Destroy,en-us,0,0,0,0
2802,Dallas Empire,6,Seattle Surge,16,3,0,6,16,0,Gun Runner,Hardpoint,en-us,250,225,6,16,1,Gun Runner,Search and Destroy,en-us,6,5,6,16,2,St. Petrograd,Domination,en-us,167,162,6,16,3,St. Petrograd,Hardpoint,en-us,0,0,0,0,4,Arklov Peak,Search and Destroy,en-us,0,0,0,0
2803,Chicago Huntsmen,8,Los Angeles Guerrillas,11,3,0,8,11,0,Gun Runner,Hardpoint,en-us,250,158,8,11,1,St. Petrograd,Search and Destroy,en-us,6,3,8,11,2,Hackney Yard,Domination,en-us,169,167,8,11,3,St. Petrograd,Hardpoint,en-us,0,0,0,0,4,Arklov Peak,Search and Destroy,en-us,0,0,0,0
2805,London Royal Ravens,10,Toronto Ultra,17,3,1,10,17,0,Rammaza,Hardpoint,en-us,250,221,10,17,1,Piccadilly,Search and Destroy,en-us,6,4,10,17,2,Gun Runner,Domination,en-us,173,209,17,10,3,Azhir Cave,Hardpoint,en-us,250,181,10,17,4,Arklov Peak,Search and Destroy,en-us,0,0,0,0
2846,Dallas Empire,6,Chicago Huntsmen,8,1,3,8,6,0,Gun Runner,Hardpoint,en-us,151,250,8,6,1,Piccadilly,Search and Destroy,en-us,5,6,8,6,2,Hackney Yard,Domination,en-us,210,160,6,8,3,St. Petrograd,Hardpoint,en-us,175,250,8,6,4,Gun Runner,Search and Destroy,en-us,0,0,0,0
2858,New York Subliners,13,London Royal Ravens,10,2,3,10,13,0,Rammaza,Hardpoint,en-us,250,187,13,10,1,St. Petrograd,Search and Destroy,en-us,6,5,13,10,2,Hackney Yard,Domination,en-us,152,202,10,13,3,Hackney Yard,Hardpoint,en-us,135,250,10,13,4,Gun Runner,Search and Destroy,en-us,4,6,10,13
2847,Seattle Surge,16,Los Angeles Guerrillas,11,3,2,16,11,0,St. Petrograd,Hardpoint,en-us,210,250,11,16,1,Arklov Peak,Search and Destroy,en-us,5,6,11,16,2,Gun Runner,Domination,en-us,193,175,16,11,3,Azhir Cave,Hardpoint,en-us,250,231,16,11,4,St. Petrograd,Search and Destroy,en-us,6,5,16,11
2859,Paris Legion,15,Toronto Ultra,17,3,1,15,17,0,Gun Runner,Hardpoint,en-us,180,250,17,15,1,Rammaza,Search and Destroy,en-us,6,3,15,17,2,Gun Runner,Domination,en-us,201,167,15,17,3,Hackney Yard,Hardpoint,en-us,250,108,15,17,4,Gun Runner,Search and Destroy,en-us,0,0,0,0
2881,Dallas Empire,6,Seattle Surge,16,3,1,6,16,0,Gun Runner,Hardpoint,en-us,250,185,6,16,1,Arklov Peak,Search and Destroy,en-us,6,2,6,16,2,St. Petrograd,Domination,en-us,179,191,16,6,3,St. Petrograd,Hardpoint,en-us,250,210,6,16,4,Gun Runner,Search and Destroy,en-us,0,0,0,0
2883,New York Subliners,13,Paris Legion,15,0,3,15,13,0,Rammaza,Hardpoint,en-us,231,250,15,13,1,Rammaza,Search and Destroy,en-us,0,6,15,13,2,Gun Runner,Domination,en-us,162,170,15,13,3,Gun Runner,Hardpoint,en-us,0,0,0,0,4,Arklov Peak,Search and Destroy,en-us,0,0,0,0
2887,London Royal Ravens,10,Dallas Empire,6,2,3,6,10,0,Rammaza,Hardpoint,en-us,250,242,10,6,1,Gun Runner,Search and Destroy,en-us,6,5,10,6,2,Hackney Yard,Domination,en-us,162,211,6,10,3,Hackney Yard,Hardpoint,en-us,195,250,6,10,4,Piccadilly,Search and Destroy,en-us,4,6,6,10
2886,Chicago Huntsmen,8,Paris Legion,15,3,2,8,15,0,Hackney Yard,Hardpoint,en-us,216,250,15,8,1,St. Petrograd,Search and Destroy,en-us,6,2,8,15,2,St. Petrograd,Domination,en-us,215,110,8,15,3,Gun Runner,Hardpoint,en-us,239,250,15,8,4,Arklov Peak,Search and Destroy,en-us,6,0,8,15
2888,Chicago Huntsmen,8,Dallas Empire,6,3,0,8,6,0,Azhir Cave,Hardpoint,en-us,250,239,8,6,1,Arklov Peak,Search and Destroy,en-us,6,5,8,6,2,St. Petrograd,Domination,en-us,193,156,8,6,3,Hackney Yard,Hardpoint,en-us,0,0,0,0,4,Piccadilly,Search and Destroy,en-us,0,0,0,0
2891,Minnesota Røkkr,12,Paris Legion,15,3,1,12,15,0,Gun Runner,Hardpoint,en-us,211,250,15,12,1,St. Petrograd,Search and Destroy,en-us,6,3,12,15,2,Hackney Yard,Domination,en-us,195,123,12,15,3,Azhir Cave,Hardpoint,en-us,250,206,12,15,4,Arklov Peak,Search and Destroy,en-us,0,0,0,0
2889,London Royal Ravens,10,Florida Mutineers,9,3,1,10,9,0,St. Petrograd,Hardpoint,en-us,250,113,10,9,1,Gun Runner,Search and Destroy,en-us,6,2,10,9,2,St. Petrograd,Domination,en-us,132,151,9,10,3,Azhir Cave,Hardpoint,en-us,250,126,10,9,4,St. Petrograd,Search and Destroy,en-us,0,0,0,0
2892,Chicago Huntsmen,8,Toronto Ultra,17,3,2,8,17,0,Hackney Yard,Hardpoint,en-us,250,203,8,17,1,Piccadilly,Search and Destroy,en-us,1,6,17,8,2,St. Petrograd,Domination,en-us,204,114,8,17,3,Gun Runner,Hardpoint,en-us,162,250,17,8,4,Gun Runner,Search and Destroy,en-us,6,5,8,17
2890,Atlanta FaZe,7,OpTic Gaming Los Angeles,14,3,0,7,14,0,Azhir Cave,Hardpoint,en-us,250,121,7,14,1,Arklov Peak,Search and Destroy,en-us,6,3,7,14,2,St. Petrograd,Domination,en-us,162,143,7,14,3,Gun Runner,Hardpoint,en-us,0,0,0,0,4,Gun Runner,Search and Destroy,en-us,0,0,0,0
2983,Minnesota Røkkr,12,Chicago Huntsmen,8,1,3,8,12,0,St. Petrograd,Hardpoint,en-us,250,107,12,8,1,Gun Runner,Search and Destroy,en-us,3,6,8,12,2,Hackney Yard,Domination,en-us,145,153,8,12,3,Gun Runner,Hardpoint,en-us,189,250,8,12,4,St. Petrograd,Search and Destroy,en-us,0,0,0,0
2984,Paris Legion,15,Toronto Ultra,17,3,1,15,17,0,Gun Runner,Hardpoint,en-us,182,250,17,15,1,Gun Runner,Search and Destroy,en-us,6,5,15,17,2,St. Petrograd,Domination,en-us,169,122,15,17,3,Azhir Cave,Hardpoint,en-us,250,209,15,17,4,Arklov Peak,Search and Destroy,en-us,0,0,0,0
3006,London Royal Ravens,10,Atlanta FaZe,7,1,3,7,10,0,Hackney Yard,Hardpoint,en-us,195,250,7,10,1,Arklov Peak,Search and Destroy,en-us,3,6,7,10,2,St. Petrograd,Domination,en-us,146,132,10,7,3,Gun Runner,Hardpoint,en-us,189,250,7,10,4,Gun Runner,Search and Destroy,en-us,0,0,0,0
3007,Florida Mutineers,9,OpTic Gaming Los Angeles,14,3,1,9,14,0,Rammaza,Hardpoint,en-us,139,250,14,9,1,Arklov Peak,Search and Destroy,en-us,6,5,9,14,2,St. Petrograd,Domination,en-us,146,145,9,14,3,Hackney Yard,Hardpoint,en-us,250,231,9,14,4,Rammaza,Search and Destroy,en-us,0,0,0,0
3030,Minnesota Røkkr,12,Paris Legion,15,3,2,12,15,0,Gun Runner,Hardpoint,en-us,250,152,12,15,1,St. Petrograd,Search and Destroy,en-us,3,6,15,12,2,St. Petrograd,Domination,en-us,156,133,12,15,3,Azhir Cave,Hardpoint,en-us,233,250,15,12,4,Gun Runner,Search and Destroy,en-us,6,0,12,15
3041,London Royal Ravens,10,Florida Mutineers,9,2,3,9,10,0,St. Petrograd,Hardpoint,en-us,154,250,9,10,1,Arklov Peak,Search and Destroy,en-us,6,1,10,9,2,St. Petrograd,Domination,en-us,146,151,9,10,3,Hackney Yard,Hardpoint,en-us,250,171,10,9,4,Gun Runner,Search and Destroy,en-us,3,6,9,10
3050,Atlanta FaZe,7,Minnesota Røkkr,12,3,2,7,12,0,Hackney Yard,Hardpoint,en-us,211,250,12,7,1,Piccadilly,Search and Destroy,en-us,2,6,12,7,2,Hackney Yard,Domination,en-us,169,140,7,12,3,Gun Runner,Hardpoint,en-us,250,205,7,12,4,Gun Runner,Search and Destroy,en-us,6,4,7,12
3051,Chicago Huntsmen,8,Florida Mutineers,9,2,3,9,8,0,Azhir Cave,Hardpoint,en-us,250,241,8,9,1,Arklov Peak,Search and Destroy,en-us,6,4,8,9,2,St. Petrograd,Domination,en-us,121,167,9,8,3,Hackney Yard,Hardpoint,en-us,186,250,9,8,4,Gun Runner,Search and Destroy,en-us,2,6,9,8
3054,Atlanta FaZe,7,Florida Mutineers,9,3,0,7,9,0,St. Petrograd,Hardpoint,en-us,250,138,7,9,1,Gun Runner,Search and Destroy,en-us,6,4,7,9,2,St. Petrograd,Domination,en-us,148,137,7,9,3,Azhir Cave,Hardpoint,en-us,0,0,0,0,4,Arklov Peak,Search and Destroy,en-us,0,0,0,0
3266,Atlanta FaZe,7,Florida Mutineers,9,3,0,7,9,0,St. Petrograd,Hardpoint,en-us,250,220,7,9,1,Arklov Peak,Search and Destroy,en-us,6,1,7,9,2,Gun Runner,Domination,en-us,179,128,7,9,3,Rammaza,Hardpoint,en-us,0,0,0,0,4,Gun Runner,Search and Destroy,en-us,0,0,0,0
3261,Minnesota Røkkr,12,Seattle Surge,16,3,1,12,16,0,Hackney Yard,Hardpoint,en-us,250,235,12,16,1,St. Petrograd,Search and Destroy,en-us,5,6,16,12,2,St. Petrograd,Domination,en-us,184,133,12,16,3,Rammaza,Hardpoint,en-us,250,208,12,16,4,Arklov Peak,Search and Destroy,en-us,0,0,0,0
3267,Dallas Empire,6,New York Subliners,13,3,1,6,13,0,Gun Runner,Hardpoint,en-us,219,250,13,6,1,Piccadilly,Search and Destroy,en-us,6,4,6,13,2,Hackney Yard,Domination,en-us,170,141,6,13,3,Hackney Yard,Hardpoint,en-us,250,222,6,13,4,Rammaza,Search and Destroy,en-us,0,0,0,0
3262,Los Angeles Guerrillas,11,OpTic Gaming Los Angeles,14,2,3,14,11,0,Hackney Yard,Hardpoint,en-us,250,234,11,14,1,Gun Runner,Search and Destroy,en-us,6,5,11,14,2,Hackney Yard,Domination,en-us,132,186,14,11,3,Gun Runner,Hardpoint,en-us,186,250,14,11,4,Arklov Peak,Search and Destroy,en-us,3,6,14,11
3268,Atlanta FaZe,7,Dallas Empire,6,3,0,7,6,0,St. Petrograd,Hardpoint,en-us,250,241,7,6,1,Piccadilly,Search and Destroy,en-us,6,3,7,6,2,Hackney Yard,Domination,en-us,149,139,7,6,3,Rammaza,Hardpoint,en-us,0,0,0,0,4,Gun Runner,Search and Destroy,en-us,0,0,0,0
3269,Florida Mutineers,9,New York Subliners,13,3,1,9,13,0,Rammaza,Hardpoint,en-us,250,222,9,13,1,Rammaza,Search and Destroy,en-us,5,6,13,9,2,Hackney Yard,Domination,en-us,188,131,9,13,3,Hackney Yard,Hardpoint,en-us,250,202,9,13,4,St. Petrograd,Search and Destroy,en-us,0,0,0,0
3263,Minnesota Røkkr,12,OpTic Gaming Los Angeles,14,0,3,14,12,0,Azhir Cave,Hardpoint,en-us,208,250,14,12,1,Rammaza,Search and Destroy,en-us,3,6,14,12,2,St. Petrograd,Domination,en-us,142,174,14,12,3,Rammaza,Hardpoint,en-us,0,0,0,0,4,Piccadilly,Search and Destroy,en-us,0,0,0,0
3264,Seattle Surge,16,Los Angeles Guerrillas,11,3,0,16,11,0,Azhir Cave,Hardpoint,en-us,250,79,16,11,1,Gun Runner,Search and Destroy,en-us,6,1,16,11,2,Hackney Yard,Domination,en-us,170,131,16,11,3,Hackney Yard,Hardpoint,en-us,0,0,0,0,4,Rammaza,Search and Destroy,en-us,0,0,0,0
3270,Dallas Empire,6,Florida Mutineers,9,3,0,6,9,0,St. Petrograd,Hardpoint,en-us,250,213,6,9,1,Arklov Peak,Search and Destroy,en-us,6,4,6,9,2,Hackney Yard,Domination,en-us,159,152,6,9,3,Rammaza,Hardpoint,en-us,0,0,0,0,4,Gun Runner,Search and Destroy,en-us,0,0,0,0
3265,Minnesota Røkkr,12,Seattle Surge,16,3,0,12,16,0,Azhir Cave,Hardpoint,en-us,250,117,12,16,1,St. Petrograd,Search and Destroy,en-us,6,2,12,16,2,Hackney Yard,Domination,en-us,160,154,12,16,3,Hackney Yard,Hardpoint,en-us,0,0,0,0,4,Arklov Peak,Search and Destroy,en-us,0,0,0,0
3271,OpTic Gaming Los Angeles,14,Dallas Empire,6,1,3,6,14,0,Gun Runner,Hardpoint,en-us,250,172,14,6,1,Gun Runner,Search and Destroy,en-us,2,6,6,14,2,Hackney Yard,Domination,en-us,156,160,6,14,3,Rammaza,Hardpoint,en-us,204,250,6,14,4,Arklov Peak,Search and Destroy,en-us,0,0,0,0
3272,Atlanta FaZe,7,Minnesota Røkkr,12,2,3,12,7,0,Azhir Cave,Hardpoint,en-us,221,250,12,7,1,Gun Runner,Search and Destroy,en-us,6,4,7,12,2,Hackney Yard,Domination,en-us,180,130,7,12,3,Rammaza,Hardpoint,en-us,247,250,12,7,4,Piccadilly,Search and Destroy,en-us,2,6,12,7
3273,Dallas Empire,6,Minnesota Røkkr,12,3,2,6,12,0,Rammaza,Hardpoint,en-us,250,181,6,12,1,St. Petrograd,Search and Destroy,en-us,6,4,6,12,2,Gun Runner,Domination,en-us,149,158,12,6,3,Hackney Yard,Hardpoint,en-us,247,250,12,6,4,Gun Runner,Search and Destroy,en-us,6,2,6,12
3279,Seattle Surge,16,Paris Legion,15,2,3,15,16,0,Hackney Yard,Hardpoint,en-us,250,171,16,15,1,St. Petrograd,Search and Destroy,en-us,1,6,15,16,2,St. Petrograd,Domination,en-us,163,154,16,15,3,Azhir Cave,Hardpoint,en-us,164,250,15,16,4,Gun Runner,Search and Destroy,en-us,5,6,15,16
3274,Florida Mutineers,9,Toronto Ultra,17,2,3,17,9,0,Rammaza,Hardpoint,en-us,250,122,9,17,1,Gun Runner,Search and Destroy,en-us,0,6,17,9,2,Gun Runner,Domination,en-us,174,156,9,17,3,Hackney Yard,Hardpoint,en-us,230,250,17,9,4,Rammaza,Search and Destroy,en-us,3,6,17,9
3280,Chicago Huntsmen,8,Minnesota Røkkr,12,3,0,8,12,0,Rammaza,Hardpoint,en-us,250,239,8,12,1,St. Petrograd,Search and Destroy,en-us,6,5,8,12,2,Gun Runner,Domination,en-us,150,143,8,12,3,Gun Runner,Hardpoint,en-us,0,0,0,0,4,Gun Runner,Search and Destroy,en-us,0,0,0,0
3275,Dallas Empire,6,Los Angeles Guerrillas,11,3,1,6,11,0,Gun Runner,Hardpoint,en-us,250,169,6,11,1,Arklov Peak,Search and Destroy,en-us,3,6,11,6,2,Hackney Yard,Domination,en-us,100,40,6,11,3,Hackney Yard,Hardpoint,en-us,250,244,6,11,4,St. Petrograd,Search and Destroy,en-us,0,0,0,0
3281,Paris Legion,15,Chicago Huntsmen,8,1,3,8,15,0,Gun Runner,Hardpoint,en-us,250,230,15,8,1,St. Petrograd,Search and Destroy,en-us,4,6,8,15,2,Gun Runner,Domination,en-us,147,174,8,15,3,St. Petrograd,Hardpoint,en-us,231,250,8,15,4,Arklov Peak,Search and Destroy,en-us,0,0,0,0
3276,Toronto Ultra,17,Dallas Empire,6,2,3,6,17,0,Hackney Yard,Hardpoint,en-us,235,250,6,17,1,Gun Runner,Search and Destroy,en-us,2,6,6,17,2,Hackney Yard,Domination,en-us,156,145,17,6,3,Gun Runner,Hardpoint,en-us,250,204,17,6,4,Piccadilly,Search and Destroy,en-us,2,6,6,17
3282,Seattle Surge,16,Minnesota Røkkr,12,2,3,12,16,0,Azhir Cave,Hardpoint,en-us,220,250,12,16,1,Arklov Peak,Search and Destroy,en-us,3,6,12,16,2,Gun Runner,Domination,en-us,325,307,16,12,3,Hackney Yard,Hardpoint,en-us,250,249,16,12,4,St. Petrograd,Search and Destroy,en-us,2,6,12,16
3277,Florida Mutineers,9,Los Angeles Guerrillas,11,3,1,9,11,0,Rammaza,Hardpoint,en-us,250,185,9,11,1,Gun Runner,Search and Destroy,en-us,2,6,11,9,2,St. Petrograd,Domination,en-us,159,138,9,11,3,Hackney Yard,Hardpoint,en-us,250,137,9,11,4,St. Petrograd,Search and Destroy,en-us,0,0,0,0
3283,Paris Legion,15,Minnesota Røkkr,12,1,3,12,15,0,Azhir Cave,Hardpoint,en-us,150,250,12,15,1,Gun Runner,Search and Destroy,en-us,6,5,15,12,2,Gun Runner,Domination,en-us,112,176,12,15,3,St. Petrograd,Hardpoint,en-us,167,250,12,15,4,Arklov Peak,Search and Destroy,en-us,0,0,0,0
3278,Toronto Ultra,17,Florida Mutineers,9,1,3,9,17,0,Azhir Cave,Hardpoint,en-us,211,250,9,17,1,Rammaza,Search and Destroy,en-us,5,6,9,17,2,Gun Runner,Domination,en-us,164,136,17,9,3,Hackney Yard,Hardpoint,en-us,159,250,9,17,4,St. Petrograd,Search and Destroy,en-us,0,0,0,0
3284,Chicago Huntsmen,8,Florida Mutineers,9,1,3,9,8,0,Gun Runner,Hardpoint,en-us,250,199,8,9,1,Piccadilly,Search and Destroy,en-us,4,6,9,8,2,Hackney Yard,Domination,en-us,125,193,9,8,3,Azhir Cave,Hardpoint,en-us,222,250,9,8,4,St. Petrograd,Search and Destroy,en-us,0,0,0,0
3285,Dallas Empire,6,Minnesota Røkkr,12,1,3,12,6,0,Rammaza,Hardpoint,en-us,222,250,12,6,1,Piccadilly,Search and Destroy,en-us,6,1,6,12,2,Gun Runner,Domination,en-us,143,153,12,6,3,Hackney Yard,Hardpoint,en-us,196,250,12,6,4,Arklov Peak,Search and Destroy,en-us,0,0,0,0
3286,Florida Mutineers,9,Minnesota Røkkr,12,3,1,9,12,0,Azhir Cave,Hardpoint,en-us,241,250,12,9,1,Piccadilly,Search and Destroy,en-us,6,2,9,12,2,St. Petrograd,Domination,en-us,194,117,9,12,3,Gun Runner,Hardpoint,en-us,250,115,9,12,4,St. Petrograd,Search and Destroy,en-us,0,0,0,0
3555,London Royal Ravens,10,Atlanta FaZe,7,0,3,7,10,0,Azhir Cave,Hardpoint,en-us,234,250,7,10,1,Arklov Peak,Search and Destroy,en-us,5,6,7,10,2,Hackney Yard,Domination,en-us,149,166,7,10,3,Rammaza,Hardpoint,en-us,0,0,0,0,4,Rammaza,Search and Destroy,en-us,0,0,0,0
3560,Seattle Surge,16,Los Angeles Guerrillas,11,3,0,16,11,0,Rammaza,Hardpoint,en-us,250,248,16,11,1,Arklov Peak,Search and Destroy,en-us,6,3,16,11,2,Gun Runner,Domination,en-us,172,132,16,11,3,Hackney Yard,Hardpoint,en-us,0,0,0,0,4,Gun Runner,Search and Destroy,en-us,0,0,0,0
3561,Dallas Empire,6,OpTic Gaming Los Angeles,14,3,1,6,14,0,Gun Runner,Hardpoint,en-us,250,175,6,14,1,Arklov Peak,Search and Destroy,en-us,1,6,14,6,2,Hackney Yard,Domination,en-us,155,150,6,14,3,Hackney Yard,Hardpoint,en-us,250,208,6,14,4,Piccadilly,Search and Destroy,en-us,0,0,0,0
3556,Chicago Huntsmen,8,New York Subliners,13,2,3,13,8,0,Gun Runner,Hardpoint,en-us,135,250,13,8,1,St. Petrograd,Search and Destroy,en-us,5,6,13,8,2,Gun Runner,Domination,en-us,156,150,8,13,3,Hackney Yard,Hardpoint,en-us,250,228,8,13,4,Rammaza,Search and Destroy,en-us,3,6,13,8
3562,Seattle Surge,16,Dallas Empire,6,1,3,6,16,0,Azhir Cave,Hardpoint,en-us,250,228,16,6,1,Gun Runner,Search and Destroy,en-us,3,6,6,16,2,Gun Runner,Domination,en-us,149,157,6,16,3,Hackney Yard,Hardpoint,en-us,198,250,6,16,4,Arklov Peak,Search and Destroy,en-us,0,0,0,0
3557,Atlanta FaZe,7,New York Subliners,13,3,2,7,13,0,Rammaza,Hardpoint,en-us,177,250,13,7,1,Arklov Peak,Search and Destroy,en-us,6,4,7,13,2,Hackney Yard,Domination,en-us,180,141,7,13,3,St. Petrograd,Hardpoint,en-us,84,250,13,7,4,St. Petrograd,Search and Destroy,en-us,6,1,7,13
3563,Los Angeles Guerrillas,11,OpTic Gaming Los Angeles,14,3,1,11,14,0,Gun Runner,Hardpoint,en-us,250,227,11,14,1,Rammaza,Search and Destroy,en-us,6,1,11,14,2,Gun Runner,Domination,en-us,148,173,14,11,3,Hackney Yard,Hardpoint,en-us,250,164,11,14,4,Piccadilly,Search and Destroy,en-us,0,0,0,0
3558,London Royal Ravens,10,Chicago Huntsmen,8,1,3,8,10,0,St. Petrograd,Hardpoint,en-us,243,250,8,10,1,Gun Runner,Search and Destroy,en-us,1,6,8,10,2,St. Petrograd,Domination,en-us,195,102,10,8,3,Azhir Cave,Hardpoint,en-us,235,250,8,10,4,Rammaza,Search and Destroy,en-us,0,0,0,0
3564,Seattle Surge,16,Los Angeles Guerrillas,11,3,1,16,11,0,Rammaza,Hardpoint,en-us,250,103,16,11,1,Gun Runner,Search and Destroy,en-us,6,4,16,11,2,St. Petrograd,Domination,en-us,133,170,11,16,3,St. Petrograd,Hardpoint,en-us,250,223,16,11,4,Rammaza,Search and Destroy,en-us,0,0,0,0
3559,New York Subliners,13,Chicago Huntsmen,8,1,3,8,13,0,Gun Runner,Hardpoint,en-us,250,195,13,8,1,Arklov Peak,Search and Destroy,en-us,3,6,8,13,2,Hackney Yard,Domination,en-us,156,158,8,13,3,St. Petrograd,Hardpoint,en-us,167,250,8,13,4,Gun Runner,Search and Destroy,en-us,0,0,0,0
3565,Atlanta FaZe,7,Seattle Surge,16,3,1,7,16,0,Azhir Cave,Hardpoint,en-us,250,179,7,16,1,St. Petrograd,Search and Destroy,en-us,5,6,16,7,2,St. Petrograd,Domination,en-us,174,141,7,16,3,Hackney Yard,Hardpoint,en-us,250,207,7,16,4,Arklov Peak,Search and Destroy,en-us,0,0,0,0
3566,Chicago Huntsmen,8,Dallas Empire,6,0,3,6,8,0,Rammaza,Hardpoint,en-us,165,250,6,8,1,Gun Runner,Search and Destroy,en-us,2,6,6,8,2,Hackney Yard,Domination,en-us,158,165,6,8,3,Hackney Yard,Hardpoint,en-us,0,0,0,0,4,Arklov Peak,Search and Destroy,en-us,0,0,0,0
3567,Atlanta FaZe,7,Dallas Empire,6,1,3,6,7,0,Gun Runner,Hardpoint,en-us,222,250,6,7,1,St. Petrograd,Search and Destroy,en-us,6,5,7,6,2,Hackney Yard,Domination,en-us,146,171,6,7,3,St. Petrograd,Hardpoint,en-us,200,250,6,7,4,Gun Runner,Search and Destroy,en-us,0,0,0,0
3573,Paris Legion,15,Atlanta FaZe,7,1,3,7,15,0,Azhir Cave,Hardpoint,en-us,212,250,7,15,1,St. Petrograd,Search and Destroy,en-us,5,6,7,15,2,Gun Runner,Domination,en-us,148,145,15,7,3,St. Petrograd,Hardpoint,en-us,117,250,7,15,4,Arklov Peak,Search and Destroy,en-us,0,0,0,0
3574,OpTic Gaming Los Angeles,14,London Royal Ravens,10,2,3,10,14,0,Hackney Yard,Hardpoint,en-us,194,250,10,14,1,Rammaza,Search and Destroy,en-us,6,2,14,10,2,Gun Runner,Domination,en-us,185,136,14,10,3,Gun Runner,Hardpoint,en-us,185,250,10,14,4,Piccadilly,Search and Destroy,en-us,4,6,10,14
3568,Toronto Ultra,17,New York Subliners,13,3,1,17,13,0,Gun Runner,Hardpoint,en-us,214,250,13,17,1,Arklov Peak,Search and Destroy,en-us,6,2,17,13,2,Hackney Yard,Domination,en-us,156,154,17,13,3,St. Petrograd,Hardpoint,en-us,250,182,17,13,4,Gun Runner,Search and Destroy,en-us,0,0,0,0
3569,Florida Mutineers,9,Minnesota Røkkr,12,0,3,12,9,0,Rammaza,Hardpoint,en-us,210,250,12,9,1,St. Petrograd,Search and Destroy,en-us,2,6,12,9,2,Hackney Yard,Domination,en-us,156,163,12,9,3,Azhir Cave,Hardpoint,en-us,0,0,0,0,4,Rammaza,Search and Destroy,en-us,0,0,0,0
3575,Atlanta FaZe,7,London Royal Ravens,10,3,1,7,10,0,Hackney Yard,Hardpoint,en-us,250,104,7,10,1,Arklov Peak,Search and Destroy,en-us,1,6,10,7,2,Hackney Yard,Domination,en-us,155,145,7,10,3,Gun Runner,Hardpoint,en-us,250,130,7,10,4,St. Petrograd,Search and Destroy,en-us,0,0,0,0
3570,Toronto Ultra,17,Minnesota Røkkr,12,3,1,17,12,0,Hackney Yard,Hardpoint,en-us,250,192,17,12,1,Piccadilly,Search and Destroy,en-us,4,6,12,17,2,Hackney Yard,Domination,en-us,157,149,17,12,3,Rammaza,Hardpoint,en-us,250,109,17,12,4,Gun Runner,Search and Destroy,en-us,0,0,0,0
3576,Paris Legion,15,OpTic Gaming Los Angeles,14,0,3,14,15,0,Rammaza,Hardpoint,en-us,231,250,14,15,1,Arklov Peak,Search and Destroy,en-us,5,6,14,15,2,St. Petrograd,Domination,en-us,133,174,14,15,3,Azhir Cave,Hardpoint,en-us,0,0,0,0,4,Gun Runner,Search and Destroy,en-us,0,0,0,0
3571,New York Subliners,13,Florida Mutineers,9,3,0,13,9,0,Rammaza,Hardpoint,en-us,250,194,13,9,1,Rammaza,Search and Destroy,en-us,6,5,13,9,2,Hackney Yard,Domination,en-us,177,143,13,9,3,St. Petrograd,Hardpoint,en-us,0,0,0,0,4,Gun Runner,Search and Destroy,en-us,0,0,0,0
3577,London Royal Ravens,10,OpTic Gaming Los Angeles,14,0,3,14,10,0,Azhir Cave,Hardpoint,en-us,199,250,14,10,1,St. Petrograd,Search and Destroy,en-us,1,6,14,10,2,Hackney Yard,Domination,en-us,154,174,14,10,3,Gun Runner,Hardpoint,en-us,0,0,0,0,4,Rammaza,Search and Destroy,en-us,0,0,0,0
3572,Minnesota Røkkr,12,New York Subliners,13,0,3,13,12,0,Rammaza,Hardpoint,en-us,249,250,13,12,1,St. Petrograd,Search and Destroy,en-us,5,6,13,12,2,Gun Runner,Domination,en-us,150,159,13,12,3,Hackney Yard,Domination,en-us,0,0,0,0,4,Arklov Peak,Search and Destroy,en-us,0,0,0,0
3578,Toronto Ultra,17,OpTic Gaming Los Angeles,14,2,3,14,17,0,Rammaza,Hardpoint,en-us,229,250,14,17,1,Rammaza,Search and Destroy,en-us,6,2,17,14,2,Gun Runner,Domination,en-us,142,141,17,14,3,Gun Runner,Hardpoint,en-us,227,250,14,17,4,Arklov Peak,Search and Destroy,en-us,5,6,14,17
3579,Atlanta FaZe,7,New York Subliners,13,3,2,7,13,0,Gun Runner,Hardpoint,en-us,250,222,7,13,1,Arklov Peak,Search and Destroy,en-us,3,6,13,7,2,Gun Runner,Domination,en-us,166,141,7,13,3,Hackney Yard,Hardpoint,en-us,247,250,13,7,4,Gun Runner,Search and Destroy,en-us,6,3,7,13
3580,OpTic Gaming Los Angeles,14,Atlanta FaZe,7,1,3,7,14,0,Azhir Cave,Hardpoint,en-us,250,232,14,7,1,Arklov Peak,Search and Destroy,en-us,5,6,7,14,2,Hackney Yard,Domination,en-us,149,170,7,14,3,St. Petrograd,Hardpoint,en-us,232,250,7,14,4,St. Petrograd,Search and Destroy,en-us,0,0,0,0
3586,Paris Legion,15,Chicago Huntsmen,8,1,3,8,15,0,Azhir Cave,Hardpoint,en-us,203,250,8,15,1,St. Petrograd,Search and Destroy,en-us,2,6,8,15,2,Gun Runner,Domination,en-us,171,136,15,8,3,Hackney Yard,Hardpoint,en-us,236,250,8,15,4,Gun Runner,Search and Destroy,en-us,0,0,0,0
3581,London Royal Ravens,10,Los Angeles Guerrillas,11,3,2,10,11,0,Gun Runner,Hardpoint,en-us,250,159,10,11,1,Piccadilly,Search and Destroy,en-us,3,6,11,10,2,Gun Runner,Domination,en-us,159,135,10,11,3,Rammaza,Hardpoint,en-us,146,250,11,10,4,St. Petrograd,Search and Destroy,en-us,6,3,10,11
3587,Minnesota Røkkr,12,OpTic Gaming Los Angeles,14,3,2,12,14,0,Rammaza,Hardpoint,en-us,250,195,12,14,1,St. Petrograd,Search and Destroy,en-us,5,6,14,12,2,Gun Runner,Domination,en-us,167,157,12,14,3,Azhir Cave,Hardpoint,en-us,135,250,14,12,4,Arklov Peak,Search and Destroy,en-us,6,5,12,14
3582,Seattle Surge,16,New York Subliners,13,1,3,13,16,0,Gun Runner,Hardpoint,en-us,175,250,13,16,1,Arklov Peak,Search and Destroy,en-us,4,6,13,16,2,Gun Runner,Domination,en-us,154,151,16,13,3,St. Petrograd,Hardpoint,en-us,200,250,13,16,4,Gun Runner,Search and Destroy,en-us,0,0,0,0
3588,Chicago Huntsmen,8,Minnesota Røkkr,12,3,0,8,12,0,Azhir Cave,Hardpoint,en-us,250,233,8,12,1,Gun Runner,Search and Destroy,en-us,6,5,8,12,2,Hackney Yard,Domination,en-us,176,123,8,12,3,St. Petrograd,Hardpoint,en-us,0,0,0,0,4,Arklov Peak,Search and Destroy,en-us,0,0,0,0
3583,London Royal Ravens,10,New York Subliners,13,3,0,10,13,0,Gun Runner,Hardpoint,en-us,250,180,10,13,1,Gun Runner,Search and Destroy,en-us,6,3,10,13,2,Gun Runner,Domination,en-us,156,138,10,13,3,Hackney Yard,Hardpoint,en-us,0,0,0,0,4,Arklov Peak,Search and Destroy,en-us,0,0,0,0
3589,Paris Legion,15,OpTic Gaming Los Angeles,14,1,3,14,15,0,Azhir Cave,Hardpoint,en-us,250,175,15,14,1,Rammaza,Search and Destroy,en-us,4,6,14,15,2,Hackney Yard,Domination,en-us,143,170,14,15,3,Rammaza,Hardpoint,en-us,240,250,14,15,4,Arklov Peak,Search and Destroy,en-us,0,0,0,0
3584,Los Angeles Guerrillas,11,Seattle Surge,16,3,1,11,16,0,Rammaza,Hardpoint,en-us,250,217,11,16,1,Piccadilly,Search and Destroy,en-us,6,1,11,16,2,Hackney Yard,Domination,en-us,149,167,16,11,3,Hackney Yard,Hardpoint,en-us,250,165,11,16,4,Gun Runner,Search and Destroy,en-us,0,0,0,0
3590,Minnesota Røkkr,12,OpTic Gaming Los Angeles,14,0,3,14,12,0,Azhir Cave,Hardpoint,en-us,241,250,14,12,1,Arklov Peak,Search and Destroy,en-us,2,6,14,12,2,Hackney Yard,Domination,en-us,157,171,14,12,3,Rammaza,Hardpoint,en-us,0,0,0,0,4,Gun Runner,Search and Destroy,en-us,0,0,0,0
3585,New York Subliners,13,Los Angeles Guerrillas,11,3,1,13,11,0,Gun Runner,Hardpoint,en-us,250,191,13,11,1,Arklov Peak,Search and Destroy,en-us,3,6,11,13,2,Hackney Yard,Domination,en-us,158,149,13,11,3,St. Petrograd,Hardpoint,en-us,250,187,13,11,4,Gun Runner,Hardpoint,en-us,0,0,0,0
3591,London Royal Ravens,10,OpTic Gaming Los Angeles,14,3,2,10,14,0,Gun Runner,Hardpoint,en-us,250,193,10,14,1,Arklov Peak,Search and Destroy,en-us,6,3,10,14,2,St. Petrograd,Domination,en-us,131,170,14,10,3,Rammaza,Hardpoint,en-us,244,250,14,10,4,Gun Runner,Search and Destroy,en-us,6,1,10,14
3592,Chicago Huntsmen,8,New York Subliners,13,3,1,8,13,0,Rammaza,Hardpoint,en-us,250,209,8,13,1,Gun Runner,Search and Destroy,en-us,6,3,8,13,2,Hackney Yard,Domination,en-us,125,177,13,8,3,Hackney Yard,Hardpoint,en-us,250,201,8,13,4,Arklov Peak,Search and Destroy,en-us,0,0,0,0
3593,London Royal Ravens,10,Chicago Huntsmen,8,1,3,8,10,0,Rammaza,Hardpoint,en-us,202,250,8,10,1,Arklov Peak,Search and Destroy,en-us,6,2,10,8,2,Gun Runner,Domination,en-us,154,155,8,10,3,Hackney Yard,Hardpoint,en-us,160,250,8,10,4,Gun Runner,Search and Destroy,en-us,0,0,0,0
3599,Los Angeles Guerrillas,11,Toronto Ultra,17,3,2,11,17,0,Rammaza,Hardpoint,en-us,250,197,11,17,1,Arklov Peak,Search and Destroy,en-us,6,3,11,17,2,Hackney Yard,Domination,en-us,137,187,17,11,3,Hackney Yard,Hardpoint,en-us,84,250,17,11,4,Gun Runner,Search and Destroy,en-us,6,3,11,17
3594,Seattle Surge,16,Atlanta FaZe,7,2,3,7,16,0,Azhir Cave,Hardpoint,en-us,250,175,16,7,1,Gun Runner,Search and Destroy,en-us,6,5,16,7,2,Hackney Yard,Domination,en-us,123,199,7,16,3,Gun Runner,Hardpoint,en-us,188,250,7,16,4,St. Petrograd,Search and Destroy,en-us,5,6,7,16
3600,Chicago Huntsmen,8,Florida Mutineers,9,2,3,9,8,0,Gun Runner,Hardpoint,en-us,250,239,8,9,1,Arklov Peak,Search and Destroy,en-us,3,6,9,8,2,Hackney Yard,Domination,en-us,146,154,9,8,3,Rammaza,Hardpoint,en-us,250,204,8,9,4,Rammaza,Search and Destroy,en-us,4,6,9,8
3595,Minnesota Røkkr,12,Dallas Empire,6,1,3,6,12,0,Rammaza,Hardpoint,en-us,250,232,12,6,1,St. Petrograd,Search and Destroy,en-us,2,6,6,12,2,St. Petrograd,Domination,en-us,133,177,6,12,3,St. Petrograd,Hardpoint,en-us,185,250,6,12,4,Rammaza,Search and Destroy,en-us,0,0,0,0
3601,Los Angeles Guerrillas,11,Florida Mutineers,9,1,3,9,11,0,Gun Runner,Hardpoint,en-us,222,250,9,11,1,Piccadilly,Search and Destroy,en-us,6,5,11,9,2,St. Petrograd,Domination,en-us,126,177,9,11,3,Rammaza,Hardpoint,en-us,108,250,9,11,4,Arklov Peak,Search and Destroy,en-us,0,0,0,0
3596,Atlanta FaZe,7,Dallas Empire,6,3,2,7,6,0,Gun Runner,Hardpoint,en-us,139,250,6,7,1,Rammaza,Search and Destroy,en-us,3,6,6,7,2,St. Petrograd,Domination,en-us,180,129,7,6,3,St. Petrograd,Hardpoint,en-us,250,212,7,6,4,Piccadilly,Search and Destroy,en-us,6,2,7,6
3602,Toronto Ultra,17,Chicago Huntsmen,8,0,3,8,17,0,Rammaza,Hardpoint,en-us,245,250,8,17,1,Rammaza,Search and Destroy,en-us,2,6,8,17,2,Gun Runner,Domination,en-us,130,167,8,17,3,Hackney Yard,Hardpoint,en-us,0,0,0,0,4,Gun Runner,Search and Destroy,en-us,0,0,0,0
3597,Seattle Surge,16,Minnesota Røkkr,12,3,2,16,12,0,Azhir Cave,Hardpoint,en-us,217,250,12,16,1,Arklov Peak,Search and Destroy,en-us,2,6,12,16,2,Gun Runner,Domination,en-us,165,155,16,12,3,Hackney Yard,Hardpoint,en-us,250,128,16,12,4,St. Petrograd,Search and Destroy,en-us,6,2,16,12
3603,Los Angeles Guerrillas,11,Chicago Huntsmen,8,3,2,11,8,0,Gun Runner,Hardpoint,en-us,190,250,8,11,1,Arklov Peak,Search and Destroy,en-us,6,1,11,8,2,Hackney Yard,Domination,en-us,149,169,8,11,3,Hackney Yard,Hardpoint,en-us,250,243,11,8,4,Gun Runner,Search and Destroy,en-us,6,4,11,8
3598,Dallas Empire,6,Seattle Surge,16,3,0,6,16,0,Gun Runner,Hardpoint,en-us,250,160,6,16,1,Gun Runner,Search and Destroy,en-us,6,4,6,16,2,Hackney Yard,Domination,en-us,199,120,6,16,3,Hackney Yard,Hardpoint,en-us,0,0,0,0,4,St. Petrograd,Search and Destroy,en-us,0,0,0,0
3604,Atlanta FaZe,7,Los Angeles Guerrillas,11,3,2,7,11,0,Gun Runner,Hardpoint,en-us,239,250,11,7,1,Piccadilly,Search and Destroy,en-us,6,5,7,11,2,Hackney Yard,Domination,en-us,132,176,11,7,3,Hackney Yard,Hardpoint,en-us,250,156,7,11,4,Gun Runner,Search and Destroy,en-us,6,4,7,11
3605,Dallas Empire,6,Florida Mutineers,9,2,3,9,6,0,Gun Runner,Hardpoint,en-us,169,250,9,6,1,Gun Runner,Search and Destroy,en-us,6,1,6,9,2,Gun Runner,Domination,en-us,161,129,6,9,3,Rammaza,Hardpoint,en-us,197,250,9,6,4,Rammaza,Search and Destroy,en-us,5,6,9,6
3606,Atlanta FaZe,7,Florida Mutineers,9,1,3,9,7,0,Gun Runner,Hardpoint,en-us,146,250,9,7,1,Arklov Peak,Search and Destroy,en-us,6,1,7,9,2,St. Petrograd,Domination,en-us,132,177,9,7,3,Hackney Yard,Hardpoint,en-us,231,250,9,7,4,Gun Runner,Search and Destroy,en-us,0,0,0,0
3607,Paris Legion,15,Florida Mutineers,9,0,3,9,15,0,Rammaza,Hardpoint,en-us,148,250,9,15,1,Rammaza,Search and Destroy,en-us,4,6,9,15,2,Hackney Yard,Domination,en-us,139,160,9,15,3,Hackney Yard,Hardpoint,en-us,0,0,0,0,4,Arklov Peak,Search and Destroy,en-us,0,0,0,0
3608,London Royal Ravens,10,Dallas Empire,6,2,3,6,10,0,Gun Runner,Hardpoint,en-us,84,250,6,10,1,Gun Runner,Search and Destroy,en-us,6,2,10,6,2,Gun Runner,Domination,en-us,130,181,6,10,3,St. Petrograd,Hardpoint,en-us,250,229,10,6,4,Piccadilly,Search and Destroy,en-us,2,6,6,10
3612,New York Subliners,13,OpTic Gaming Los Angeles,14,3,1,13,14,0,Rammaza,Hardpoint,en-us,167,250,14,13,1,Arklov Peak,Search and Destroy,en-us,6,1,13,14,2,Gun Runner,Domination,en-us,154,152,13,14,3,Hackney Yard,Hardpoint,en-us,250,193,13,14,4,Rammaza,Search and Destroy,en-us,0,0,0,0
3613,Atlanta FaZe,7,Toronto Ultra,17,3,2,7,17,0,Gun Runner,Hardpoint,en-us,250,172,7,17,1,Arklov Peak,Search and Destroy,en-us,4,6,17,7,2,Hackney Yard,Domination,en-us,156,165,17,7,3,St. Petrograd,Hardpoint,en-us,250,182,7,17,4,Gun Runner,Search and Destroy,en-us,6,5,7,17
3614,New York Subliners,13,Atlanta FaZe,7,2,3,7,13,0,Gun Runner,Hardpoint,en-us,162,250,7,13,1,Gun Runner,Search and Destroy,en-us,1,6,7,13,2,Hackney Yard,Domination,en-us,159,144,13,7,3,St. Petrograd,Hardpoint,en-us,250,204,13,7,4,Arklov Peak,Search and Destroy,en-us,4,6,7,13
3609,Florida Mutineers,9,Dallas Empire,6,3,1,9,6,0,Gun Runner,Hardpoint,en-us,250,169,9,6,1,Rammaza,Search and Destroy,en-us,6,1,9,6,2,Hackney Yard,Domination,en-us,158,160,6,9,3,Azhir Cave,Hardpoint,en-us,250,240,9,6,4,Gun Runner,Search and Destroy,en-us,0,0,0,0
3615,OpTic Gaming Los Angeles,14,Toronto Ultra,17,0,3,17,14,0,Hackney Yard,Hardpoint,en-us,49,250,17,14,1,Rammaza,Search and Destroy,en-us,3,6,17,14,2,Gun Runner,Domination,en-us,150,165,17,14,3,Rammaza,Hardpoint,en-us,0,0,0,0,4,Arklov Peak,Search and Destroy,en-us,0,0,0,0
3610,Paris Legion,15,London Royal Ravens,10,1,3,10,15,0,Azhir Cave,Hardpoint,en-us,150,250,10,15,1,St. Petrograd,Search and Destroy,en-us,6,5,15,10,2,Hackney Yard,Domination,en-us,156,164,10,15,3,Hackney Yard,Hardpoint,en-us,183,250,10,15,4,Arklov Peak,Search and Destroy,en-us,0,0,0,0
3616,New York Subliners,13,Toronto Ultra,17,3,1,13,17,0,Rammaza,Hardpoint,en-us,200,250,17,13,1,Rammaza,Search and Destroy,en-us,6,2,13,17,2,Gun Runner,Domination,en-us,160,153,13,17,3,Gun Runner,Hardpoint,en-us,250,229,13,17,4,Gun Runner,Search and Destroy,en-us,0,0,0,0
3611,Dallas Empire,6,London Royal Ravens,10,3,0,6,10,0,Rammaza,Hardpoint,en-us,250,131,6,10,1,Gun Runner,Search and Destroy,en-us,6,4,6,10,2,Gun Runner,Domination,en-us,171,131,6,10,3,St. Petrograd,Hardpoint,en-us,0,0,0,0,4,St. Petrograd,Search and Destroy,en-us,0,0,0,0
3617,Florida Mutineers,9,New York Subliners,13,3,2,9,13,0,Gun Runner,Hardpoint,en-us,208,250,13,9,1,Rammaza,Search and Destroy,en-us,4,6,13,9,2,Hackney Yard,Domination,en-us,153,146,9,13,3,Rammaza,Hardpoint,en-us,250,133,9,13,4,Arklov Peak,Search and Destroy,en-us,6,3,9,13
3618,Atlanta FaZe,7,Dallas Empire,6,3,2,7,6,0,Azhir Cave,Hardpoint,en-us,250,145,7,6,1,Piccadilly,Search and Destroy,en-us,4,6,6,7,2,Gun Runner,Domination,en-us,163,131,7,6,3,Gun Runner,Hardpoint,en-us,209,250,6,7,4,Gun Runner,Search and Destroy,en-us,6,4,7,6
3619,Florida Mutineers,9,Atlanta FaZe,7,3,0,9,7,0,Gun Runner,Hardpoint,en-us,250,190,9,7,1,Piccadilly,Search and Destroy,en-us,6,5,9,7,2,Hackney Yard,Domination,en-us,235,70,9,7,3,Hackney Yard,Hardpoint,en-us,0,0,0,0,4,Arklov Peak,Search and Destroy,en-us,0,0,0,0
3620,Paris Legion,15,Toronto Ultra,17,1,3,17,15,0,Gun Runner,Hardpoint,en-us,189,250,17,15,1,St. Petrograd,Search and Destroy,en-us,6,3,15,17,2,St. Petrograd,Domination,en-us,147,157,17,15,3,Hackney Yard,Hardpoint,en-us,237,250,17,15,4,Arklov Peak,Search and Destroy,en-us,0,0,0,0
3625,London Royal Ravens,10,Chicago Huntsmen,8,1,3,8,10,0,Gun Runner,Hardpoint,en-us,250,201,10,8,1,Piccadilly,Search and Destroy,en-us,2,6,8,10,2,St. Petrograd,Domination,en-us,149,164,8,10,3,Hackney Yard,Hardpoint,en-us,210,250,8,10,4,Gun Runner,Search and Destroy,en-us,0,0,0,0
3621,Atlanta FaZe,7,Los Angeles Guerrillas,11,3,1,7,11,0,Gun Runner,Hardpoint,en-us,250,210,7,11,1,Gun Runner,Search and Destroy,en-us,4,6,11,7,2,Hackney Yard,Domination,en-us,168,150,7,11,3,Hackney Yard,Hardpoint,en-us,250,200,7,11,4,Rammaza,Search and Destroy,en-us,0,0,0,0
3626,New York Subliners,13,Minnesota Røkkr,12,3,1,13,12,0,Gun Runner,Hardpoint,en-us,250,144,13,12,1,St. Petrograd,Search and Destroy,en-us,6,3,13,12,2,Hackney Yard,Domination,en-us,141,159,12,13,3,Rammaza,Hardpoint,en-us,250,157,13,12,4,Arklov Peak,Search and Destroy,en-us,0,0,0,0
3622,Toronto Ultra,17,Atlanta FaZe,7,3,2,17,7,0,Rammaza,Hardpoint,en-us,197,250,7,17,1,Piccadilly,Search and Destroy,en-us,6,3,17,7,2,St. Petrograd,Domination,en-us,129,170,7,17,3,Gun Runner,Hardpoint,en-us,250,183,17,7,4,Rammaza,Search and Destroy,en-us,6,4,17,7
3627,Chicago Huntsmen,8,New York Subliners,13,3,2,8,13,0,Rammaza,Hardpoint,en-us,250,219,8,13,1,Rammaza,Search and Destroy,en-us,6,1,8,13,2,Hackney Yard,Domination,en-us,144,154,13,8,3,Hackney Yard,Hardpoint,en-us,192,250,13,8,4,Gun Runner,Search and Destroy,en-us,6,3,8,13
3623,Paris Legion,15,Los Angeles Guerrillas,11,3,0,15,11,0,Rammaza,Hardpoint,en-us,250,228,15,11,1,St. Petrograd,Search and Destroy,en-us,6,5,15,11,2,St. Petrograd,Domination,en-us,163,155,15,11,3,Hackney Yard,Hardpoint,en-us,0,0,0,0,4,Arklov Peak,Search and Destroy,en-us,0,0,0,0
3628,London Royal Ravens,10,Minnesota Røkkr,12,3,2,10,12,0,Azhir Cave,Hardpoint,en-us,250,216,10,12,1,Arklov Peak,Search and Destroy,en-us,6,3,10,12,2,Gun Runner,Domination,en-us,124,179,12,10,3,St. Petrograd,Hardpoint,en-us,194,250,12,10,4,Rammaza,Search and Destroy,en-us,6,4,10,12
3624,Atlanta FaZe,7,Paris Legion,15,3,0,7,15,0,Gun Runner,Hardpoint,en-us,250,174,7,15,1,St. Petrograd,Search and Destroy,en-us,6,3,7,15,2,Gun Runner,Domination,en-us,169,142,7,15,3,Hackney Yard,Hardpoint,en-us,0,0,0,0,4,Gun Runner,Search and Destroy,en-us,0,0,0,0
3629,New York Subliners,13,London Royal Ravens,10,3,1,13,10,0,Gun Runner,Hardpoint,en-us,215,250,10,13,1,St. Petrograd,Search and Destroy,en-us,6,5,13,10,2,Hackney Yard,Domination,en-us,181,142,13,10,3,Hackney Yard,Hardpoint,en-us,250,219,13,10,4,Gun Runner,Search and Destroy,en-us,0,0,0,0
3630,Chicago Huntsmen,8,Atlanta FaZe,7,3,0,8,7,0,Hackney Yard,Hardpoint,en-us,250,160,8,7,1,St. Petrograd,Search and Destroy,en-us,6,1,8,7,2,Hackney Yard,Domination,en-us,166,149,8,7,3,Rammaza,Hardpoint,en-us,0,0,0,0,4,Gun Runner,Search and Destroy,en-us,0,0,0,0
3631,Toronto Ultra,17,New York Subliners,13,0,3,13,17,0,Gun Runner,Hardpoint,en-us,247,250,13,17,1,Arklov Peak,Search and Destroy,en-us,2,6,13,17,2,Hackney Yard,Domination,en-us,147,158,13,17,3,Hackney Yard,Hardpoint,en-us,0,0,0,0,4,St. Petrograd,Search and Destroy,en-us,0,0,0,0
3632,Chicago Huntsmen,8,New York Subliners,13,0,3,13,8,0,Rammaza,Hardpoint,en-us,238,250,13,8,1,Rammaza,Search and Destroy,en-us,4,6,13,8,2,Hackney Yard,Domination,en-us,144,163,13,8,3,Hackney Yard,Hardpoint,en-us,0,0,0,0,4,St. Petrograd,Search and Destroy,en-us,0,0,0,0
3651,Paris Legion,15,Dallas Empire,6,1,3,6,15,0,Rammaza,Hardpoint,en-us,73,250,6,15,1,Gun Runner,Search and Destroy,en-us,6,3,15,6,2,Gun Runner,Domination,en-us,148,160,6,15,3,St. Petrograd,Hardpoint,en-us,206,250,6,15,4,Arklov Peak,Search and Destroy,en-us,0,0,0,0
3646,London Royal Ravens,10,Seattle Surge,16,3,1,10,16,0,Azhir Cave,Hardpoint,en-us,250,167,10,16,1,Arklov Peak,Search and Destroy,en-us,6,2,10,16,2,Hackney Yard,Domination,en-us,147,161,16,10,3,St. Petrograd,Hardpoint,en-us,250,77,10,16,4,Gun Runner,Search and Destroy,en-us,0,0,0,0
3652,New York Subliners,13,Los Angeles Guerrillas,11,3,0,13,11,0,Gun Runner,Hardpoint,en-us,250,126,13,11,1,St. Petrograd,Search and Destroy,en-us,6,4,13,11,2,Hackney Yard,Domination,en-us,167,131,13,11,3,Azhir Cave,Hardpoint,en-us,0,0,0,0,4,Gun Runner,Search and Destroy,en-us,0,0,0,0
3647,OpTic Gaming Los Angeles,14,Florida Mutineers,9,2,3,9,14,0,Rammaza,Hardpoint,en-us,177,250,9,14,1,Gun Runner,Search and Destroy,en-us,6,4,14,9,2,St. Petrograd,Domination,en-us,120,183,9,14,3,St. Petrograd,Hardpoint,en-us,250,187,14,9,4,Piccadilly,Search and Destroy,en-us,5,6,9,14
3653,Dallas Empire,6,New York Subliners,13,3,0,6,13,0,Gun Runner,Hardpoint,en-us,250,219,6,13,1,Arklov Peak,Search and Destroy,en-us,6,4,6,13,2,Gun Runner,Domination,en-us,155,130,6,13,3,Rammaza,Hardpoint,en-us,0,0,0,0,4,Piccadilly,Search and Destroy,en-us,0,0,0,0
3648,London Royal Ravens,10,Florida Mutineers,9,3,2,10,9,0,Azhir Cave,Hardpoint,en-us,129,250,9,10,1,Piccadilly,Search and Destroy,en-us,3,6,9,10,2,St. Petrograd,Domination,en-us,163,157,10,9,3,Gun Runner,Hardpoint,en-us,250,207,10,9,4,Arklov Peak,Search and Destroy,en-us,6,4,10,9
3654,Paris Legion,15,Los Angeles Guerrillas,11,3,1,15,11,0,Rammaza,Hardpoint,en-us,226,250,11,15,1,Arklov Peak,Search and Destroy,en-us,6,0,15,11,2,St. Petrograd,Domination,en-us,197,124,15,11,3,St. Petrograd,Hardpoint,en-us,250,243,15,11,4,Gun Runner,Search and Destroy,en-us,0,0,0,0
3649,Seattle Surge,16,OpTic Gaming Los Angeles,14,1,3,14,16,0,Gun Runner,Hardpoint,en-us,223,250,14,16,1,St. Petrograd,Search and Destroy,en-us,1,6,14,16,2,Hackney Yard,Domination,en-us,173,149,16,14,3,Hackney Yard,Hardpoint,en-us,140,250,14,16,4,Gun Runner,Search and Destroy,en-us,0,0,0,0
3655,New York Subliners,13,Paris Legion,15,0,3,15,13,0,Rammaza,Hardpoint,en-us,242,250,15,13,1,St. Petrograd,Search and Destroy,en-us,2,6,15,13,2,Gun Runner,Domination,en-us,137,170,15,13,3,Hackney Yard,Hardpoint,en-us,0,0,0,0,4,Arklov Peak,Search and Destroy,en-us,0,0,0,0
3650,Florida Mutineers,9,OpTic Gaming Los Angeles,14,3,1,9,14,0,Rammaza,Hardpoint,en-us,239,250,14,9,1,Gun Runner,Search and Destroy,en-us,6,3,9,14,2,Hackney Yard,Domination,en-us,157,154,9,14,3,Azhir Cave,Hardpoint,en-us,250,159,9,14,4,Piccadilly,Search and Destroy,en-us,0,0,0,0
3656,London Royal Ravens,10,Paris Legion,15,2,3,15,10,0,Gun Runner,Hardpoint,en-us,250,203,10,15,1,Arklov Peak,Search and Destroy,en-us,5,6,15,10,2,St. Petrograd,Domination,en-us,179,131,10,15,3,Hackney Yard,Hardpoint,en-us,173,250,15,10,4,Gun Runner,Search and Destroy,en-us,5,6,15,10
3657,Dallas Empire,6,Florida Mutineers,9,3,0,6,9,0,Gun Runner,Hardpoint,en-us,250,164,6,9,1,Piccadilly,Search and Destroy,en-us,6,1,6,9,2,Hackney Yard,Domination,en-us,176,152,6,9,3,Rammaza,Hardpoint,en-us,0,0,0,0,4,Gun Runner,Search and Destroy,en-us,0,0,0,0
3658,Paris Legion,15,Dallas Empire,6,0,3,6,15,0,Hackney Yard,Hardpoint,en-us,145,250,6,15,1,Gun Runner,Search and Destroy,en-us,1,6,6,15,2,Gun Runner,Domination,en-us,134,167,6,15,3,Rammaza,Hardpoint,en-us,0,0,0,0,4,Arklov Peak,Search and Destroy,en-us,0,0,0,0
3638,Atlanta FaZe,7,Minnesota Røkkr,12,3,0,7,12,0,Rammaza,Hardpoint,en-us,250,237,7,12,1,Gun Runner,Search and Destroy,en-us,6,1,7,12,2,Gun Runner,Domination,en-us,173,158,7,12,3,St. Petrograd,Hardpoint,en-us,0,0,0,0,4,Rammaza,Search and Destroy,en-us,0,0,0,0
3639,Florida Mutineers,9,Dallas Empire,6,2,3,6,9,0,Gun Runner,Hardpoint,en-us,250,127,9,6,1,Arklov Peak,Search and Destroy,en-us,6,1,9,6,2,Hackney Yard,Domination,en-us,154,159,6,9,3,Rammaza,Hardpoint,en-us,215,250,6,9,4,St. Petrograd,Search and Destroy,en-us,4,6,6,9
3633,Chicago Huntsmen,8,Seattle Surge,16,3,1,8,16,0,Gun Runner,Hardpoint,en-us,201,250,16,8,1,Gun Runner,Search and Destroy,en-us,6,5,8,16,2,Hackney Yard,Domination,en-us,170,139,8,16,3,St. Petrograd,Hardpoint,en-us,250,203,8,16,4,St. Petrograd,Search and Destroy,en-us,0,0,0,0
3634,Toronto Ultra,17,OpTic Gaming Los Angeles,14,3,2,17,14,0,Rammaza,Hardpoint,en-us,250,182,17,14,1,Piccadilly,Search and Destroy,en-us,6,4,17,14,2,Hackney Yard,Domination,en-us,148,158,14,17,3,Hackney Yard,Hardpoint,en-us,208,250,14,17,4,St. Petrograd,Search and Destroy,en-us,6,4,17,14
3640,Atlanta FaZe,7,Dallas Empire,6,3,0,7,6,0,Gun Runner,Hardpoint,en-us,250,219,7,6,1,Gun Runner,Search and Destroy,en-us,6,5,7,6,2,Gun Runner,Domination,en-us,160,155,7,6,3,St. Petrograd,Hardpoint,en-us,0,0,0,0,4,Piccadilly,Search and Destroy,en-us,0,0,0,0
3635,Chicago Huntsmen,8,Toronto Ultra,17,2,3,17,8,0,Rammaza,Hardpoint,en-us,250,228,8,17,1,Gun Runner,Search and Destroy,en-us,6,5,8,17,2,Hackney Yard,Domination,en-us,157,161,17,8,3,St. Petrograd,Hardpoint,en-us,58,250,17,8,4,Piccadilly,Search and Destroy,en-us,4,6,17,8
3641,Minnesota Røkkr,12,Florida Mutineers,9,1,3,9,12,0,Azhir Cave,Hardpoint,en-us,250,244,12,9,1,Rammaza,Search and Destroy,en-us,3,6,9,12,2,Hackney Yard,Domination,en-us,132,186,9,12,3,Rammaza,Hardpoint,en-us,226,250,9,12,4,Arklov Peak,Search and Destroy,en-us,0,0,0,0
3636,Seattle Surge,16,OpTic Gaming Los Angeles,14,0,3,14,16,0,Gun Runner,Hardpoint,en-us,232,250,14,16,1,Gun Runner,Search and Destroy,en-us,3,6,14,16,2,Hackney Yard,Domination,en-us,145,160,14,16,3,Rammaza,Hardpoint,en-us,0,0,0,0,4,St. Petrograd,Search and Destroy,en-us,0,0,0,0
3642,Dallas Empire,6,Florida Mutineers,9,3,0,6,9,0,Gun Runner,Hardpoint,en-us,250,211,6,9,1,Gun Runner,Search and Destroy,en-us,6,5,6,9,2,Hackney Yard,Domination,en-us,164,142,6,9,3,Rammaza,Hardpoint,en-us,0,0,0,0,4,Arklov Peak,Search and Destroy,en-us,0,0,0,0
3637,Chicago Huntsmen,8,OpTic Gaming Los Angeles,14,1,3,14,8,0,Azhir Cave,Hardpoint,en-us,250,233,8,14,1,Rammaza,Search and Destroy,en-us,5,6,14,8,2,Hackney Yard,Domination,en-us,141,168,14,8,3,Hackney Yard,Hardpoint,en-us,218,250,14,8,4,Gun Runner,Search and Destroy,en-us,0,0,0,0
3643,Dallas Empire,6,Toronto Ultra,17,1,3,17,6,0,Gun Runner,Hardpoint,en-us,247,250,17,6,1,St. Petrograd,Search and Destroy,en-us,5,6,17,6,2,Hackney Yard,Domination,en-us,196,123,6,17,3,St. Petrograd,Hardpoint,en-us,244,250,17,6,4,Piccadilly,Search and Destroy,en-us,0,0,0,0
3644,Atlanta FaZe,7,OpTic Gaming Los Angeles,14,3,0,7,14,0,St. Petrograd,Hardpoint,en-us,250,207,7,14,1,St. Petrograd,Search and Destroy,en-us,6,1,7,14,2,St. Petrograd,Domination,en-us,153,135,7,14,3,Hackney Yard,Hardpoint,en-us,0,0,0,0,4,Arklov Peak,Search and Destroy,en-us,0,0,0,0
3645,Toronto Ultra,17,Atlanta FaZe,7,3,2,17,7,0,Gun Runner,Hardpoint,en-us,250,247,17,7,1,Arklov Peak,Search and Destroy,en-us,0,6,7,17,2,Gun Runner,Domination,en-us,165,157,17,7,3,St. Petrograd,Hardpoint,en-us,143,250,7,17,4,St. Petrograd,Search and Destroy,en-us,6,5,17,7
